COUNT(*),AVG(SALARY),DEPARTMENT_ID
45,3475.555556,50
34,8955.882353,80
