JOB_ID,AVG(SALARY)
AC_ACCOUNT,8300.000000
AC_MGR,12000.000000
AD_ASST,4400.000000
AD_PRES,24000.000000
AD_VP,17000.000000
FI_ACCOUNT,7920.000000
FI_MGR,12000.000000
HR_REP,6500.000000
MK_MAN,13000.000000
MK_REP,6000.000000
PR_REP,10000.000000
PU_CLERK,2780.000000
PU_MAN,11000.000000
SA_MAN,12200.000000
SA_REP,8350.000000
SH_CLERK,3215.000000
ST_CLERK,2785.000000
ST_MAN,7280.000000
